Date,Open,High,Low,Last,Close,Total Trade Quantity,Turnover (Lacs)
2016-06-17,883.95,884.7,872.5,877.45,881.35,849716.0,7470.31
2016-06-16,871.85,880.85,859.15,878.35,879.45,803719.0,6996.42
2016-06-15,868.0,876.6,863.0,875.3,874.65,863255.0,7540.94
2016-06-14,872.1,875.2,860.3,863.55,865.7,826228.0,7152.08
2016-06-13,867.35,880.95,867.35,875.0,874.2,1071858.0,9378.92
2016-06-10,876.0,884.8,871.15,876.9,874.65,793113.0,6960.37
2016-06-09,899.0,899.0,874.45,875.0,876.45,1376923.0,12117.55
2016-06-08,895.0,908.0,891.6,897.5,897.2,1470489.0,13228.5
2016-06-07,884.0,898.8,880.4,894.65,897.05,2185954.0,19524.67
2016-06-06,887.6,892.0,875.05,880.0,879.35,1941227.0,17096.53
2016-06-03,872.0,888.0,869.4,885.6,884.85,1752265.0,15446.42
2016-06-02,855.0,873.95,835.0,871.55,868.2,3409326.0,28985.85
2016-06-01,852.15,863.4,846.05,856.75,855.15,1223721.0,10476.72
2016-05-31,857.8,859.9,845.0,852.1,848.2,12132028.0,102970.14
2016-05-30,864.0,867.2,849.75,853.0,854.35,776274.0,6639.69
2016-05-27,851.35,865.95,850.5,861.0,861.2,1531278.0,13178.89
2016-05-26,840.2,854.0,832.0,850.0,850.35,2479387.0,20994.25
2016-05-25,828.0,841.45,827.05,838.4,840.1,1127694.0,9424.93
2016-05-24,819.0,824.45,815.45,824.0,823.1,946784.0,7779.94
2016-05-23,817.0,825.75,813.05,818.7,819.6,1118741.0,9176.78
2016-05-20,820.0,821.0,806.15,812.55,812.4,1624617.0,13231.89
2016-05-19,826.1,829.85,810.35,811.85,815.1,1866764.0,15316.52
2016-05-18,833.7,834.55,823.0,826.0,825.5,1428456.0,11817.2
2016-05-17,850.0,850.35,831.0,837.3,834.05,1434067.0,11976.27
2016-05-16,833.0,848.5,817.0,845.5,846.25,1940183.0,16143.89
2016-05-13,852.95,852.95,821.95,830.3,831.8,2369627.0,19691.32
2016-05-12,858.4,862.0,849.35,853.3,853.0,730642.0,6233.13
2016-05-11,855.0,866.8,851.1,865.0,862.55,697299.0,6001.46
2016-05-10,848.8,867.9,845.6,862.8,862.45,1523285.0,13130.67
2016-05-09,851.0,869.7,839.2,848.0,845.5,3215773.0,27484.15
2016-05-06,848.0,856.5,846.75,851.7,853.4,411253.0,3504.87
2016-05-05,859.0,861.9,846.8,851.0,850.15,760873.0,6491.95
2016-05-04,850.0,855.9,844.0,855.0,853.4,568460.0,4840.47
2016-05-03,863.95,869.0,848.0,848.6,851.0,1305303.0,11170.56
2016-05-02,867.0,867.0,855.0,863.6,863.95,787156.0,6765.18
2016-04-29,876.0,879.35,859.2,869.0,867.9,1581281.0,13701.8
2016-04-28,893.2,896.8,871.0,875.3,876.25,2715410.0,23870.04
2016-04-27,884.4,894.0,880.9,893.25,892.2,778693.0,6911.08
2016-04-26,881.6,896.0,880.7,883.2,885.75,1214609.0,10786.25
2016-04-25,880.5,889.0,875.5,886.0,884.15,828061.0,7286.06
2016-04-22,897.8,904.3,883.0,883.5,884.2,1078366.0,9642.93
2016-04-21,905.0,906.9,896.0,902.1,904.05,1162870.0,10495.8
2016-04-20,899.1,906.0,893.15,906.0,904.1,1424850.0,12795.17
2016-04-18,900.2,904.95,886.5,899.75,899.15,1091523.0,9789.98
2016-04-13,875.0,899.6,873.5,896.0,897.7,1897529.0,16887.24
2016-04-12,866.9,874.4,860.2,871.5,872.5,867406.0,7541.31
2016-04-11,853.0,867.85,845.1,865.35,864.3,943737.0,8060.12
2016-04-08,861.0,863.0,845.8,850.9,850.4,712487.0,6063.62
2016-04-07,870.0,874.85,855.05,857.6,860.0,848064.0,7336.45
2016-04-06,869.0,872.9,863.0,870.0,871.7,1041648.0,9063.04
2016-04-05,870.2,882.85,862.3,864.9,868.5,1096886.0,9584.45
2016-04-04,863.1,874.95,861.3,870.1,872.2,960124.0,8326.44
2016-04-01,867.1,874.9,856.0,866.9,867.8,1096484.0,9478.51
2016-03-31,855.5,875.7,855.5,872.7,869.5,2635929.0,22876.05
2016-03-30,862.0,878.95,858.9,860.3,861.65,1453623.0,12637.62
2016-03-29,860.3,871.35,858.6,859.15,861.15,1389839.0,11995.33
2016-03-28,876.0,876.1,860.2,861.9,863.65,2033190.0,17612.71
2016-03-23,870.0,877.35,860.55,872.7,873.6,1373555.0,11941.81
2016-03-22,876.05,880.65,862.4,866.5,870.15,2024654.0,17585.38
2016-03-21,847.1,883.0,847.1,880.1,879.65,1587554.0,13767.57
2016-03-18,850.0,852.0,838.0,845.45,848.35,1848223.0,15598.64
2016-03-17,848.1,855.0,843.0,845.5,849.65,1970969.0,16779.45
2016-03-16,844.9,845.85,831.0,840.95,844.15,1511400.0,12660.65
2016-03-15,852.1,856.8,835.55,843.75,840.8,1330602.0,11222.47
2016-03-14,855.05,860.0,845.0,855.75,857.15,825367.0,7040.16
2016-03-11,842.0,857.95,831.5,856.0,851.6,1527676.0,12886.36
2016-03-10,837.0,841.0,829.0,837.0,837.55,1140147.0,9492.13
2016-03-09,826.55,843.9,826.55,842.2,839.65,1929618.0,16080.6
2016-03-08,848.0,848.0,824.0,825.1,826.25,1342346.0,11121.7
2016-03-04,848.5,855.9,841.45,849.0,848.75,1331537.0,11311.15
2016-03-03,855.5,856.1,845.75,848.0,848.9,746384.0,6341.66
2016-03-02,830.0,855.0,830.0,849.5,849.25,1221727.0,10357.77
2016-03-01,829.85,829.85,818.1,825.5,824.15,1777318.0,14663.59
2016-02-29,851.0,851.7,823.5,826.0,830.4,1974971.0,16506.75
2016-02-26,848.0,852.65,841.1,847.0,849.9,1191495.0,10101.48
2016-02-25,837.7,846.2,832.4,844.0,842.8,859877.0,7229.16
2016-02-24,836.9,844.9,828.2,839.0,836.75,1062120.0,8893.22
2016-02-23,858.45,858.45,834.2,834.5,836.85,590731.0,4971.63
2016-02-22,827.0,866.0,826.35,858.0,861.65,1883688.0,16079.86
2016-02-19,831.85,831.85,813.45,827.5,827.6,620200.0,5101.18
2016-02-18,814.05,830.5,812.5,825.0,827.4,1179011.0,9710.96
2016-02-17,800.5,814.0,789.75,811.5,812.55,783633.0,6310.03
2016-02-16,810.0,811.85,799.45,800.5,803.2,926079.0,7454.94
2016-02-15,817.0,821.95,798.0,803.6,804.7,1206980.0,9744.49
2016-02-12,800.5,816.7,795.0,814.0,812.6,1318480.0,10653.16
2016-02-11,823.9,828.0,791.2,792.85,802.6,1010277.0,8213.87
2016-02-10,826.0,832.1,820.1,825.0,824.55,781041.0,6446.26
2016-02-09,826.35,842.15,824.7,829.1,826.35,964658.0,8020.84
2016-02-08,844.0,848.2,826.45,832.05,828.9,490426.0,4112.18
2016-02-05,830.0,855.5,830.0,844.35,844.95,2043434.0,17309.34
2016-02-04,824.5,838.4,816.55,835.2,834.8,1698770.0,14105.71
2016-02-03,795.5,828.5,795.5,823.05,821.6,1843081.0,15115.38
2016-02-02,809.5,809.95,796.95,801.45,800.1,960236.0,7718.32
2016-02-01,816.0,817.4,799.0,800.0,800.95,1025869.0,8266.41
2016-01-29,791.1,820.0,791.1,817.75,816.9,1733695.0,14061.26
2016-01-28,769.8,797.0,766.5,791.0,791.75,1967418.0,15487.63
2016-01-27,781.0,783.85,766.4,768.0,767.9,1291178.0,9955.94
2016-01-25,772.0,784.75,769.7,782.2,783.3,1036869.0,8090.86
2016-01-22,780.5,783.5,770.0,773.0,771.5,1465143.0,11346.48
2016-01-21,797.2,799.0,774.2,776.95,775.6,1679165.0,13100.3
2016-01-20,805.0,815.0,785.0,801.35,795.05,1543575.0,12235.14
2016-01-19,813.0,821.75,807.65,810.0,810.45,867289.0,7068.37
2016-01-18,796.3,816.65,795.0,809.25,809.95,1525578.0,12334.54
2016-01-15,827.25,828.95,776.65,803.3,804.25,3249884.0,26211.18
2016-01-14,829.5,837.9,818.55,830.95,827.25,1531002.0,12699.73
2016-01-13,821.8,836.2,813.75,833.0,832.75,1338356.0,11047.58
2016-01-12,808.5,822.15,804.55,818.0,819.7,1110037.0,9025.95
2016-01-11,806.0,819.7,801.35,811.75,811.75,1514504.0,12296.42
2016-01-08,819.0,831.5,807.7,810.3,809.85,1324046.0,10830.74
2016-01-07,840.0,840.95,817.5,818.4,820.25,1353969.0,11146.98
2016-01-06,850.0,850.0,840.95,840.95,843.05,2135092.0,18032.53
2016-01-05,857.3,859.05,845.5,846.55,847.95,1118709.0,9495.92
2016-01-04,856.55,868.7,851.15,856.35,859.0,828876.0,7122.02
2016-01-01,860.0,862.0,853.5,856.6,856.55,230366.0,1976.3
2015-12-31,857.45,866.45,851.5,861.2,862.75,743363.0,6383.22
2015-12-30,858.0,862.9,854.7,857.55,857.45,677471.0,5817.47
2015-12-29,867.0,867.0,855.0,857.55,857.9,754046.0,6472.83
2015-12-28,865.0,873.0,862.5,863.0,865.85,976331.0,8466.14
2015-12-24,868.0,869.3,862.0,864.8,864.25,538736.0,4659.26
2015-12-23,859.45,870.5,856.05,862.2,863.25,770192.0,6654.31
2015-12-22,852.95,857.9,843.2,853.9,851.45,913032.0,7757.52
2015-12-21,861.95,861.95,849.75,850.6,851.6,1112136.0,9482.22
2015-12-18,865.6,875.6,852.15,853.0,857.05,2114632.0,18248.83
2015-12-17,840.0,865.7,840.0,864.0,864.25,1214526.0,10409.56
2015-12-16,865.0,868.4,852.7,858.0,855.4,1101128.0,9457.98
2015-12-15,839.2,862.5,839.2,861.15,858.6,2303845.0,19650.71
2015-12-14,825.0,842.5,813.45,841.45,839.0,1307321.0,10939.98
2015-12-11,818.3,831.95,816.65,821.0,822.1,1214169.0,9992.39
2015-12-10,823.0,830.85,812.25,818.3,815.9,1144862.0,9403.56
2015-12-09,827.0,835.0,816.15,823.3,820.15,1028736.0,8504.29
2015-12-08,831.9,839.8,822.6,824.05,825.75,1136199.0,9477.59
2015-12-07,815.0,835.5,815.0,831.1,833.5,1273142.0,10560.94
2015-12-04,813.35,824.45,805.0,816.6,814.95,1445988.0,11768.26
2015-12-03,827.85,827.9,814.0,817.1,816.6,680102.0,5564.31
2015-12-02,832.9,835.7,823.4,828.05,829.9,983626.0,8156.67
2015-12-01,811.85,836.8,811.85,833.85,833.4,1404347.0,11651.08
2015-11-30,813.5,826.0,804.1,812.0,808.45,2959644.0,24061.16
2015-11-27,812.5,820.75,808.0,820.0,816.2,897445.0,7318.39
2015-11-26,814.7,821.5,808.15,811.5,812.45,1282221.0,10461.36
2015-11-24,794.0,813.5,790.75,812.8,811.95,1188716.0,9600.01
2015-11-23,795.05,800.7,787.0,790.65,791.2,692990.0,5498.11
2015-11-20,799.85,803.45,794.3,798.0,798.15,845026.0,6752.72
2015-11-19,797.5,801.85,792.3,794.9,794.6,861404.0,6848.98
2015-11-18,798.0,806.85,790.45,795.7,793.5,721764.0,5757.55
2015-11-17,785.9,800.0,782.0,798.0,798.3,792593.0,6287.18
2015-11-16,794.0,802.1,780.1,781.5,784.1,1186659.0,9347.73
2015-11-13,792.35,799.5,792.35,796.0,796.7,1029232.0,8195.51
2015-11-11,805.8,809.9,804.05,808.15,807.95,111233.0,898.15
2015-11-10,802.0,809.6,793.4,805.8,803.55,880293.0,7069.17
2015-11-09,794.0,807.0,784.0,801.05,802.6,1247468.0,9935.6
2015-11-06,806.7,806.95,796.3,801.0,799.05,726024.0,5811.99
2015-11-05,801.0,811.6,797.75,801.1,802.65,462520.0,3727.15
2015-11-04,806.8,818.1,799.2,801.0,801.0,945881.0,7659.98
2015-11-03,805.0,808.5,801.2,802.7,804.45,349296.0,2810.32
2015-11-02,799.25,804.85,791.55,802.2,802.75,553599.0,4419.24
2015-10-30,802.0,810.95,795.0,802.0,800.65,1209468.0,9689.78
2015-10-29,811.0,818.0,799.2,801.8,801.45,1558590.0,12541.89
2015-10-28,811.6,820.5,807.9,819.25,818.5,1123867.0,9156.77
2015-10-27,806.75,814.85,799.2,811.2,812.15,876427.0,7082.52
2015-10-26,802.8,810.0,800.65,809.4,808.6,754383.0,6081.63
2015-10-23,795.0,805.6,791.25,802.0,800.2,1956438.0,15640.74
2015-10-21,788.0,794.45,787.0,790.45,790.35,879891.0,6958.33
2015-10-20,797.45,797.45,783.0,787.65,787.1,1428531.0,11241.96
2015-10-19,784.9,796.95,778.0,794.0,793.9,1733760.0,13694.87
2015-10-16,788.0,790.9,782.0,785.0,784.65,2121262.0,16643.66
2015-10-15,783.0,801.0,769.0,792.9,791.55,4110634.0,32189.28
2015-10-14,814.05,815.0,787.0,790.25,797.2,3479601.0,27878.93
2015-10-13,817.0,819.0,805.8,811.95,812.9,860797.0,6993.15
2015-10-12,819.0,822.5,807.35,815.75,814.85,760378.0,6179.77
2015-10-09,826.0,830.4,810.0,819.05,818.0,740404.0,6071.99
2015-10-08,827.0,831.95,817.5,818.2,821.9,673062.0,5554.5
2015-10-07,818.0,828.0,816.0,822.0,823.55,1126929.0,9262.33
2015-10-06,816.95,832.0,811.9,829.0,829.3,1470601.0,12126.98
2015-10-05,820.55,824.0,801.0,809.9,809.8,1344972.0,10907.17
2015-10-01,817.8,827.25,811.2,814.0,816.4,903859.0,7396.09
2015-09-30,799.8,818.0,787.0,816.45,814.75,2321962.0,18720.9
2015-09-29,782.6,801.0,781.35,788.8,784.35,2377821.0,18772.75
2015-09-28,785.0,802.5,780.8,791.5,790.65,1121534.0,8906.25
2015-09-24,789.0,789.0,776.25,783.3,781.7,2627897.0,20510.32
2015-09-23,788.8,789.4,780.15,787.0,785.0,1108731.0,8697.53
2015-09-22,792.0,796.85,783.2,786.75,785.9,1900127.0,14961.83
2015-09-21,795.0,799.9,788.4,791.0,790.7,1097798.0,8688.72
2015-09-18,807.0,816.8,793.0,799.0,797.85,3196079.0,25529.19
2015-09-16,811.0,811.8,796.75,804.5,806.85,1000450.0,8064.55
2015-09-15,794.75,808.65,791.15,804.6,804.65,1239118.0,9940.95
2015-09-14,800.9,800.9,788.1,794.9,794.75,1115042.0,8845.37
2015-09-11,792.0,799.7,784.05,797.0,795.25,1368043.0,10862.16
2015-09-10,801.0,801.0,777.6,792.3,790.15,2651147.0,20877.12
2015-09-09,806.0,812.45,790.9,804.75,803.05,1519952.0,12188.64
2015-09-08,827.8,827.8,785.0,802.5,801.1,2511604.0,19996.01
2015-09-07,831.0,834.0,817.4,820.0,819.85,868619.0,7134.9
2015-09-04,831.35,840.75,823.2,830.5,830.0,1332041.0,11058.64
2015-09-03,830.5,841.75,815.1,836.25,833.75,1228866.0,10186.22
2015-09-02,857.0,862.4,824.2,826.0,830.6,1463479.0,12394.54
2015-09-01,855.0,861.35,848.35,853.65,853.75,1483369.0,12661.32
2015-08-31,862.9,870.0,848.8,862.75,860.9,1990625.0,17099.19
2015-08-28,870.0,870.5,852.0,854.0,854.5,1427528.0,12245.45
2015-08-27,860.65,864.45,851.0,862.5,857.8,2087603.0,17904.32
2015-08-26,866.25,868.55,850.0,851.0,855.0,1894521.0,16282.5
2015-08-25,861.0,878.0,855.1,865.0,865.95,2303018.0,19933.33
2015-08-24,865.35,880.0,844.95,863.3,851.15,2392818.0,20664.09
2015-08-21,867.0,888.0,860.95,886.5,884.15,1428246.0,12534.48
2015-08-20,870.0,901.85,867.0,873.7,872.05,1086427.0,9608.34
2015-08-19,869.35,885.25,861.4,875.1,876.2,548163.0,4793.23
2015-08-18,872.0,877.85,868.05,874.0,872.85,606035.0,5289.2
2015-08-17,874.45,879.0,860.0,871.9,872.65,373170.0,3248.25
2015-08-14,871.0,879.0,857.5,873.0,870.55,742844.0,6454.04
2015-08-13,866.0,879.0,850.0,870.95,866.55,976700.0,8487.15
2015-08-12,889.0,889.0,859.6,862.0,866.35,1406250.0,12241.66
2015-08-11,903.0,905.85,885.0,886.95,888.2,1430428.0,12744.93
2015-08-10,905.0,909.0,901.0,906.0,906.15,1089645.0,9866.2
2015-08-07,907.75,909.05,900.9,907.0,904.85,849340.0,7685.4
2015-08-06,910.0,910.4,902.55,908.0,907.75,1105175.0,10024.05
2015-08-05,910.7,912.85,905.0,909.15,908.6,2869226.0,26081.74
2015-08-04,910.5,914.45,900.05,910.0,908.1,2728548.0,24682.13
2015-08-03,921.0,924.8,906.5,911.0,909.7,1813626.0,16513.57
2015-07-31,920.3,928.2,913.2,922.9,921.65,1616033.0,14884.73
2015-07-30,905.0,934.45,899.2,920.9,920.7,1997547.0,18427.07
2015-07-29,906.15,919.05,897.0,899.0,899.2,1332413.0,12088.14
2015-07-28,893.25,916.0,891.5,904.8,904.75,1648693.0,14886.73
2015-07-27,906.0,910.15,895.0,899.0,900.1,1305606.0,11753.82
2015-07-24,905.0,911.45,897.6,907.0,906.8,624104.0,5655.84
2015-07-23,919.0,919.0,895.2,904.9,904.25,1049783.0,9482.39
2015-07-22,894.0,923.0,891.15,917.55,920.5,1433553.0,13088.2
2015-07-21,915.0,916.85,871.1,893.0,891.3,4915170.0,43852.89
2015-07-20,924.0,931.5,909.05,913.0,913.1,738505.0,6764.09
2015-07-17,937.05,941.95,922.25,925.35,924.3,848156.0,7865.18
2015-07-16,930.0,939.5,923.25,938.8,936.85,667588.0,6221.79
2015-07-15,927.0,935.0,920.35,928.15,929.0,980533.0,9113.03
2015-07-14,910.5,929.1,902.8,926.7,927.3,662369.0,6087.29
2015-07-13,900.8,914.5,890.5,913.0,910.7,1103160.0,10009.13
2015-07-10,924.5,924.5,891.3,895.95,900.25,2198242.0,19719.81
2015-07-09,927.65,934.8,912.4,920.0,921.55,1153644.0,10635.25
2015-07-08,920.0,944.0,918.1,922.05,927.65,1791894.0,16725.59
2015-07-07,921.6,927.4,915.6,925.0,924.35,715696.0,6587.04
2015-07-06,917.0,930.0,914.65,925.0,927.45,595187.0,5493.1
2015-07-03,922.0,929.5,917.05,926.3,924.5,512931.0,4746.02
2015-07-02,919.8,929.2,912.0,924.0,923.45,962649.0,8868.55
2015-07-01,916.7,926.0,912.0,920.05,918.3,1456248.0,13405.83
2015-06-30,907.0,923.1,906.0,915.0,916.7,2318253.0,21200.02
2015-06-29,872.0,905.0,868.35,905.0,900.4,1221747.0,10881.41
2015-06-26,884.0,891.4,875.0,888.9,887.95,758668.0,6715.74
2015-06-25,888.55,897.9,879.1,887.0,883.25,1257404.0,11144.83
2015-06-24,877.5,908.9,877.0,891.0,896.55,1812148.0,16256.51
2015-06-23,878.0,879.8,871.35,877.0,875.7,741773.0,6495.55
2015-06-22,863.9,876.0,858.45,874.0,873.45,1039509.0,9027.78
2015-06-19,851.1,864.9,844.85,860.05,857.7,1376406.0,11805.67
2015-06-18,862.0,868.0,857.1,862.0,862.6,1234051.0,10643.93
2015-06-17,840.0,868.85,840.0,863.0,862.05,2574818.0,22138.38
2015-06-16,818.1,839.35,817.3,836.0,834.95,864766.0,7152.92
2015-06-15,814.0,827.45,808.45,820.1,821.75,626620.0,5127.03
2015-06-12,813.35,821.5,810.85,812.5,814.5,833644.0,6795.91
2015-06-11,820.0,836.5,816.0,817.1,816.7,1263695.0,10425.66
2015-06-10,818.25,825.0,814.0,819.0,820.45,959272.0,7853.96
2015-06-09,807.0,828.55,806.1,819.0,819.75,769058.0,6315.89
2015-06-08,828.0,829.0,809.0,811.0,812.25,1108643.0,9034.09
2015-06-05,821.6,847.3,816.35,827.85,829.1,1564172.0,13043.43
2015-06-04,833.5,835.0,820.05,822.45,822.65,1273078.0,10506.17
2015-06-03,853.0,854.7,828.6,833.0,831.45,1074518.0,8980.75
2015-06-02,884.0,884.65,850.9,852.0,852.75,928603.0,8014.33
2015-06-01,859.55,883.5,852.45,877.65,880.8,950336.0,8314.02
2015-05-29,847.5,860.7,843.1,858.4,859.55,3787109.0,32496.03
2015-05-28,858.7,860.0,842.35,844.0,846.2,2062630.0,17519.24
2015-05-27,855.5,860.0,845.7,860.0,857.7,530542.0,4530.38
2015-05-26,855.0,858.15,845.95,856.8,855.35,732655.0,6254.45
2015-05-25,864.95,864.95,847.55,853.0,852.45,642231.0,5480.09
2015-05-22,867.45,868.85,853.95,865.0,863.75,1369038.0,11788.79
2015-05-21,856.4,865.9,848.05,865.0,864.35,998351.0,8596.41
2015-05-20,847.2,858.15,846.0,854.35,855.6,1051609.0,8976.53
2015-05-19,852.4,855.85,841.25,843.95,844.75,1115144.0,9424.7
2015-05-18,848.0,854.9,837.5,854.0,852.7,794940.0,6734.95
2015-05-15,848.0,852.3,840.1,846.7,844.8,861417.0,7276.75
2015-05-14,842.8,850.85,831.0,846.2,846.45,1458520.0,12276.35
2015-05-13,850.1,855.65,827.1,841.1,841.05,1842567.0,15453.93
2015-05-12,867.0,873.55,841.65,843.0,843.95,1837756.0,15706.62
2015-05-11,899.8,901.0,862.2,863.45,864.7,2712131.0,23643.18
2015-05-08,875.7,907.05,854.5,894.55,895.2,5244650.0,46477.64
2015-05-07,860.0,871.75,853.7,867.15,866.25,982642.0,8487.23
2015-05-06,879.0,879.0,850.1,855.4,858.2,1989322.0,17167.31
2015-05-05,858.0,883.4,854.0,879.0,879.05,1663346.0,14515.08
2015-05-04,860.0,865.7,844.15,858.15,861.75,558193.0,4788.27
2015-04-30,857.25,859.45,832.2,855.45,850.35,3001302.0,25371.87
2015-04-29,860.4,875.0,852.15,857.0,857.7,1323821.0,11396.2
2015-04-28,863.35,873.9,851.5,859.0,860.6,1844291.0,15865.79
2015-04-27,885.0,901.8,860.25,860.35,866.65,945769.0,8307.5
2015-04-24,903.95,903.95,873.75,888.0,889.5,1122637.0,9941.97
2015-04-23,911.0,922.0,892.8,898.05,902.65,1027886.0,9324.26
2015-04-22,887.45,913.0,875.0,909.7,907.15,2106687.0,18881.99
2015-04-21,914.05,919.85,870.35,873.1,873.1,2535704.0,22572.85
2015-04-20,938.4,940.75,905.6,914.0,913.45,879556.0,8052.22
2015-04-17,936.7,944.2,928.85,937.75,937.65,764984.0,7176.42
2015-04-16,932.5,937.8,918.1,934.0,933.1,1071747.0,9952.4
2015-04-15,942.9,948.95,933.0,936.35,934.7,924855.0,8697.82
2015-04-13,931.35,950.95,928.0,945.0,949.15,1374251.0,12973.74
2015-04-10,929.9,935.8,916.35,931.6,933.8,1161659.0,10776.35
2015-04-09,913.9,932.0,913.6,926.7,926.45,1237632.0,11443.36
2015-04-08,914.9,921.65,909.4,914.7,912.55,1296825.0,11861.33
2015-04-07,911.35,919.05,897.6,916.3,913.45,1212932.0,11033.49
2015-04-06,883.65,910.8,882.5,910.0,907.95,1482378.0,13327.01
2015-04-01,873.5,885.8,871.5,880.5,883.5,865861.0,7629.41
2015-03-31,862.95,884.0,858.0,872.0,873.55,1503993.0,13148.52
2015-03-30,857.95,871.0,852.0,860.55,862.05,1415143.0,12197.26
2015-03-27,870.5,870.9,848.95,853.45,851.3,2023538.0,17306.14
2015-03-26,884.85,885.0,858.2,870.0,865.9,2570353.0,22343.55
2015-03-25,889.75,897.6,883.0,886.0,886.4,2848966.0,25285.67
2015-03-24,896.2,901.15,885.35,889.0,887.2,1288989.0,11502.13
2015-03-23,899.7,910.0,892.35,902.0,902.4,989354.0,8941.5
2015-03-20,922.0,922.0,892.0,900.05,895.75,1854369.0,16704.5
2015-03-19,931.0,940.8,916.65,918.35,922.65,1249067.0,11616.89
2015-03-18,932.4,937.25,911.5,921.6,922.1,1436285.0,13227.94
2015-03-17,934.95,946.8,921.4,930.0,931.8,1239535.0,11568.77
2015-03-16,939.45,957.25,902.5,927.4,931.75,1244490.0,11687.29
2015-03-13,963.7,964.9,938.95,943.0,941.7,1466001.0,13899.32
2015-03-12,968.0,972.8,955.6,960.8,960.55,1358419.0,13052.79
2015-03-11,957.15,978.9,949.45,969.0,968.9,1742798.0,16909.41
2015-03-10,978.3,978.65,951.05,955.5,957.15,1323330.0,12713.85
2015-03-09,936.0,981.0,931.0,972.0,976.0,3529726.0,33978.59
2015-03-05,913.45,946.35,913.45,939.0,939.7,2301603.0,21571.16
2015-03-04,931.1,945.3,913.0,915.0,916.1,1202376.0,11158.32
2015-03-03,939.9,939.9,923.25,932.8,929.7,1510436.0,14031.5
2015-03-02,914.0,939.95,906.1,936.5,935.65,2792110.0,25789.11
2015-02-28,894.0,917.65,889.15,910.6,910.1,861954.0,7792.69
2015-02-27,889.8,893.0,880.4,887.4,887.15,1906598.0,16909.14
2015-02-26,905.7,905.7,883.8,888.5,886.4,1194401.0,10642.2
2015-02-25,916.5,917.5,894.0,905.95,901.9,1141174.0,10333.71
2015-02-24,889.0,915.6,887.0,914.3,913.7,2100402.0,19013.95
2015-02-23,903.0,913.85,883.05,883.5,886.15,1054383.0,9457.57
2015-02-20,905.5,909.7,899.0,901.05,900.25,623253.0,5628.77
2015-02-19,919.95,922.8,895.0,909.0,908.15,1034454.0,9418.25
2015-02-18,902.0,923.35,902.0,913.65,912.9,2178775.0,19946.49
2015-02-16,886.35,920.0,886.35,906.75,907.0,1635273.0,14867.13
2015-02-13,892.4,898.8,885.2,892.0,892.8,1344229.0,11981.22
2015-02-12,905.0,910.8,885.3,891.05,887.8,1121008.0,10029.0
2015-02-11,890.35,902.95,884.6,901.0,900.3,897359.0,8050.65
2015-02-10,895.0,907.5,885.4,888.35,887.75,1058750.0,9475.37
2015-02-09,905.75,914.6,895.9,898.8,900.15,860239.0,7787.63
2015-02-06,906.0,915.85,899.4,909.95,905.75,717674.0,6507.92
2015-02-05,907.3,919.8,901.2,908.5,909.05,1711139.0,15576.27
2015-02-04,910.9,919.8,895.1,899.9,899.9,1181845.0,10671.56
2015-02-03,910.2,930.85,908.0,912.75,910.85,1544881.0,14159.95
2015-02-02,926.35,929.95,904.8,907.95,908.0,1822825.0,16628.1
2015-01-30,941.0,941.0,927.8,933.8,932.55,1562161.0,14575.19
2015-01-29,931.0,948.0,926.4,937.0,941.6,3421454.0,32166.39
2015-01-28,938.0,940.8,928.15,931.7,933.85,2246526.0,21001.0
2015-01-27,962.1,967.9,936.6,940.3,941.95,3274894.0,30974.68
2015-01-23,947.0,968.85,944.65,963.5,965.3,2450001.0,23483.68
2015-01-22,944.0,961.3,931.3,944.3,944.65,3585572.0,33960.31
2015-01-21,897.0,948.4,888.5,943.25,941.95,4103989.0,37866.18
2015-01-20,889.9,903.0,877.75,896.0,895.45,4355821.0,38616.21
2015-01-19,946.3,947.4,886.05,893.7,892.55,7705398.0,70214.69
2015-01-16,928.0,947.0,925.0,947.0,941.05,2021113.0,18934.39
2015-01-15,934.95,937.4,909.7,923.0,921.55,3534537.0,32524.47
2015-01-14,888.8,934.5,886.0,930.15,924.05,4578199.0,41648.47
2015-01-13,899.95,908.65,876.4,884.45,884.55,3371700.0,30004.7
2015-01-12,867.5,899.8,864.25,899.0,896.6,4338065.0,38536.17
2015-01-09,818.5,868.4,817.05,864.85,864.6,3825060.0,32393.78
2015-01-08,803.9,825.0,803.15,816.9,817.05,3076833.0,25135.36
2015-01-07,779.0,806.8,779.0,799.5,801.9,3744143.0,29915.72
2015-01-06,767.0,779.9,755.4,772.0,774.7,2738679.0,21081.81
2015-01-05,759.75,761.9,755.1,759.9,760.3,849252.0,6446.5
2015-01-02,757.0,766.0,752.65,757.05,755.95,1207322.0,9174.66
2015-01-01,759.3,761.9,754.15,759.5,758.45,372132.0,2820.63
2014-12-31,760.9,763.4,753.3,757.05,760.1,1044950.0,7939.54
2014-12-30,761.9,767.25,758.0,761.0,759.5,397534.0,3030.15
2014-12-29,753.4,763.25,752.15,759.9,758.85,616322.0,4674.05
2014-12-26,752.6,756.0,744.5,751.5,750.35,625243.0,4685.96
2014-12-24,763.2,767.1,752.0,755.9,757.0,2527523.0,19153.27
2014-12-23,769.0,770.8,761.15,765.95,766.1,1277960.0,9790.0
2014-12-22,758.8,769.9,752.3,766.5,767.85,958306.0,7336.17
2014-12-19,771.0,771.0,750.0,751.85,755.15,1147950.0,8725.63
2014-12-18,767.2,770.0,753.05,763.8,765.95,1165188.0,8917.8
2014-12-17,760.25,773.05,760.25,767.0,766.35,1984735.0,15214.53
2014-12-16,792.4,792.4,763.0,766.45,766.65,1179886.0,9148.58
2014-12-15,795.0,808.85,784.65,791.1,790.1,704516.0,5586.1
2014-12-12,798.4,804.3,794.0,797.75,797.75,767757.0,6147.14
2014-12-11,799.35,803.0,790.35,793.35,796.05,1573622.0,12542.57
2014-12-10,811.15,815.4,795.1,796.25,797.8,1152293.0,9259.31
2014-12-09,819.0,819.5,810.05,812.2,812.95,945417.0,7691.23
2014-12-08,820.0,828.45,814.25,818.1,820.0,1016796.0,8341.57
2014-12-05,820.0,827.5,812.7,819.5,820.65,688493.0,5647.45
2014-12-04,816.5,829.75,814.35,824.45,824.65,1121315.0,9228.0
2014-12-03,807.4,822.3,802.35,819.0,819.0,937567.0,7623.86
2014-12-02,811.5,817.15,804.25,806.05,805.8,573874.0,4643.09
2014-12-01,786.0,814.85,783.95,807.7,808.65,1200960.0,9679.68
2014-11-28,794.0,798.85,783.1,786.5,786.1,811909.0,6401.42
2014-11-27,771.0,792.7,766.8,791.0,790.05,1180496.0,9278.44
2014-11-26,765.0,771.75,762.5,769.0,769.75,685238.0,5261.29
2014-11-25,750.1,774.9,747.1,765.5,765.7,1503248.0,11446.84
2014-11-24,755.5,756.5,746.0,749.85,750.1,540115.0,4052.31
2014-11-21,759.0,762.7,751.85,752.4,753.0,687247.0,5189.84
2014-11-20,761.4,765.0,755.1,762.8,761.25,853211.0,6494.31
2014-11-19,754.4,766.8,752.2,759.5,760.2,941820.0,7179.19
2014-11-18,755.2,758.95,750.0,751.85,751.85,448206.0,3370.7
2014-11-17,756.15,765.3,750.0,756.15,757.2,586703.0,4432.51
2014-11-14,763.0,763.95,753.55,756.1,756.15,409119.0,3093.31
2014-11-13,768.0,773.85,761.25,762.35,764.35,1157538.0,8869.75
2014-11-12,772.0,772.9,763.5,768.2,770.0,750579.0,5766.0
2014-11-11,773.0,776.75,764.8,769.6,772.3,713634.0,5499.9
2014-11-10,760.0,774.0,759.95,773.0,771.0,768076.0,5895.6
2014-11-07,750.0,763.45,747.25,760.0,761.5,881926.0,6682.15
2014-11-05,739.0,750.0,738.1,747.5,747.75,746808.0,5571.9
2014-11-03,735.05,743.0,728.75,739.6,739.85,733227.0,5399.5
2014-10-31,728.7,742.0,722.1,736.7,738.35,1083674.0,7943.41
2014-10-30,722.0,734.85,717.65,730.15,731.6,1249596.0,9108.6
2014-10-29,722.0,726.95,712.8,722.15,723.95,962919.0,6941.63
2014-10-28,716.0,719.3,707.15,716.0,717.05,1254748.0,8948.5
2014-10-27,765.0,766.05,715.5,715.8,720.45,2949098.0,21717.3
2014-10-23,757.0,762.5,753.1,762.0,758.95,90217.0,683.37
2014-10-22,753.9,760.0,748.05,759.25,757.4,436776.0,3295.5
2014-10-21,738.5,754.0,730.85,752.45,749.75,554039.0,4118.94
2014-10-20,732.0,739.4,728.05,733.0,736.55,453075.0,3329.36
2014-10-17,732.0,740.95,723.0,724.75,726.3,680260.0,4968.84
2014-10-16,726.05,745.6,725.0,726.85,730.6,1241581.0,9150.37
2014-10-14,720.55,736.0,716.6,729.05,731.25,553144.0,4019.44
2014-10-13,718.0,724.8,714.2,719.0,720.4,495344.0,3563.37
2014-10-10,734.35,736.8,718.65,720.05,720.35,503359.0,3653.83
2014-10-09,735.0,743.95,729.5,736.5,739.1,622940.0,4594.71
2014-10-08,732.05,744.0,728.4,731.75,734.75,951087.0,7012.63
2014-10-07,733.4,744.65,725.0,735.1,735.8,801424.0,5912.44
2014-10-01,745.0,748.75,733.55,734.25,736.15,478021.0,3525.81
2014-09-30,746.0,751.8,740.0,748.0,746.0,1063690.0,7928.37
2014-09-29,750.0,753.0,735.5,747.0,746.5,733781.0,5478.23
2014-09-26,758.15,759.9,745.25,749.0,751.45,759343.0,5712.7
2014-09-25,767.95,771.9,756.15,758.0,759.35,1192497.0,9112.0
2014-09-24,743.0,766.8,743.0,764.7,764.1,1117480.0,8487.47
2014-09-23,741.0,755.0,736.15,740.0,742.05,934119.0,6974.97
2014-09-22,737.0,746.05,721.85,742.0,741.7,1225660.0,9017.9
2014-09-19,750.8,751.4,730.05,737.0,737.25,1576310.0,11634.24
2014-09-18,753.0,754.4,739.45,749.8,749.65,1837614.0,13763.93
2014-09-17,759.0,760.85,752.75,754.2,754.65,1071944.0,8109.47
2014-09-16,750.6,759.8,748.75,755.0,756.0,563960.0,4258.36
2014-09-15,757.5,757.5,748.5,752.65,754.85,473333.0,3564.74
2014-09-12,752.9,762.9,752.9,757.0,757.5,479493.0,3639.77
2014-09-11,748.0,764.45,748.0,755.15,755.6,1149885.0,8713.69
2014-09-10,749.4,753.0,746.0,747.35,749.1,437341.0,3272.7
2014-09-09,745.8,756.1,744.05,751.95,751.9,726165.0,5431.77
2014-09-08,736.0,748.95,733.75,745.8,745.8,978707.0,7290.87
2014-09-05,736.4,742.2,732.85,733.5,733.75,692424.0,5096.1
2014-09-04,733.0,742.85,730.5,737.0,737.1,1005897.0,7414.47
2014-09-03,733.5,738.9,730.25,732.55,732.8,814185.0,5978.17
2014-09-02,740.0,740.15,730.0,732.85,732.7,598031.0,4381.79
2014-09-01,743.9,747.25,736.0,741.1,740.4,515912.0,3823.24
2014-08-28,736.0,744.9,734.05,740.15,742.45,1937220.0,14348.16
2014-08-27,727.0,739.55,723.4,734.1,734.85,1153834.0,8463.16
2014-08-26,718.95,730.85,717.65,724.0,727.35,1238950.0,9005.51
2014-08-25,708.2,721.45,704.2,719.2,716.7,641018.0,4577.04
2014-08-22,711.95,712.8,701.35,708.0,704.2,455143.0,3210.85
2014-08-21,709.8,718.6,709.05,710.0,710.35,553719.0,3941.04
2014-08-20,719.5,721.0,709.5,712.0,711.85,765917.0,5453.8
2014-08-19,719.1,731.0,715.1,719.85,719.55,735686.0,5316.75
2014-08-18,721.0,736.8,716.1,723.0,724.8,959536.0,6964.93
2014-08-14,722.0,725.95,709.35,713.6,714.55,845235.0,6067.73
2014-08-13,700.95,721.7,700.0,718.1,718.7,1673439.0,11989.79
2014-08-12,702.9,702.9,692.5,699.5,700.9,811743.0,5675.14
2014-08-11,702.1,706.0,694.3,697.5,697.95,872217.0,6093.91
2014-08-08,699.05,703.5,695.95,701.1,702.05,747151.0,5229.01
2014-08-07,707.0,708.2,699.3,701.95,701.95,634909.0,4464.34
2014-08-06,703.05,732.0,703.05,707.0,707.85,2052184.0,14691.54
2014-08-05,699.0,709.6,697.8,704.0,704.85,863275.0,6066.18
2014-08-04,697.0,705.9,693.25,699.0,699.65,1290311.0,9031.1
2014-08-01,678.0,702.0,678.0,693.0,693.55,1905650.0,13260.15
2014-07-31,690.05,697.55,680.0,684.15,686.6,2494692.0,17206.16
2014-07-30,689.9,701.3,671.85,695.0,694.65,3684780.0,25412.35
2014-07-28,663.95,691.7,654.35,686.0,686.8,3856792.0,26132.25
2014-07-25,642.9,667.0,640.0,662.0,663.75,1747468.0,11466.18
2014-07-24,635.0,644.75,631.1,642.5,642.9,731990.0,4675.97
2014-07-23,636.9,637.4,631.1,632.05,634.1,494833.0,3138.02
2014-07-22,626.15,636.95,626.15,636.55,633.6,636191.0,4011.56
2014-07-21,623.4,630.0,620.05,627.95,627.55,385658.0,2416.72
2014-07-18,625.5,625.5,621.0,621.05,622.5,352617.0,2196.09
2014-07-17,622.95,627.9,620.2,627.0,626.85,418199.0,2612.13
2014-07-16,623.7,627.85,617.5,621.25,621.3,878909.0,5470.39
2014-07-15,623.25,628.8,616.4,617.9,618.9,649427.0,4032.27
2014-07-14,644.0,644.6,620.4,622.0,622.95,672948.0,4243.89
2014-07-11,627.0,646.85,625.0,644.0,641.85,1918406.0,12285.72
2014-07-10,628.05,638.0,615.05,627.85,631.85,1090386.0,6850.66
2014-07-09,629.95,634.7,625.0,630.0,629.85,942571.0,5939.26
2014-07-08,627.0,633.5,622.0,624.2,627.35,1082625.0,6811.36
2014-07-07,626.0,630.0,618.4,626.6,627.6,1083261.0,6773.67
2014-07-04,624.1,629.9,618.35,627.5,625.15,687234.0,4292.47
2014-07-03,631.15,631.7,621.1,621.1,624.1,607875.0,3801.17
2014-07-02,633.8,633.8,626.05,630.0,631.15,777572.0,4900.7
2014-07-01,622.0,634.4,616.55,633.4,628.85,650958.0,4056.06
2014-06-30,618.0,623.9,617.1,619.35,620.35,732790.0,4546.41
2014-06-27,617.1,621.7,612.0,620.65,616.4,805135.0,4955.46
2014-06-26,627.0,629.0,612.5,621.0,618.65,1605621.0,9932.56
2014-06-25,616.0,626.9,612.35,626.3,625.3,584342.0,3632.41
2014-06-24,617.2,624.0,613.45,619.3,616.25,634721.0,3931.18
2014-06-23,625.05,626.0,610.8,614.35,617.65,796813.0,4915.83
2014-06-20,622.0,629.95,620.05,625.4,624.3,1093696.0,6817.4
2014-06-19,622.0,629.3,619.0,627.45,625.75,848937.0,5298.05
2014-06-18,630.5,632.55,617.3,618.0,618.85,804157.0,5022.1
2014-06-17,632.15,634.4,626.45,630.0,630.35,742699.0,4682.51
2014-06-16,640.0,641.0,631.05,632.0,634.75,1144913.0,7274.11
2014-06-13,631.75,640.85,623.6,638.75,634.95,992552.0,6258.26
2014-06-12,627.8,632.1,619.0,629.4,630.1,786932.0,4929.33
2014-06-11,640.0,640.9,619.35,623.95,625.85,1343543.0,8421.12
2014-06-10,631.0,643.9,627.0,641.0,640.25,1302795.0,8274.92
2014-06-09,637.0,644.0,629.35,630.8,632.7,962350.0,6121.25
2014-06-06,637.0,645.95,620.2,640.0,639.95,2497145.0,15867.73
2014-06-05,606.0,637.9,605.95,636.45,630.1,3424990.0,21312.82
2014-06-04,594.95,609.5,591.1,603.95,604.95,1968687.0,11870.47
2014-06-03,602.95,605.45,590.1,592.45,593.45,909772.0,5420.92
2014-06-02,612.0,612.0,588.35,600.0,601.0,1608573.0,9613.35
2014-05-30,555.55,615.0,553.35,597.3,603.35,10941938.0,65230.99
2014-05-29,561.0,564.5,555.0,557.0,556.45,2153741.0,12026.88
2014-05-28,560.5,564.5,558.0,561.05,561.9,1122941.0,6304.59
2014-05-27,557.35,562.75,557.35,560.3,560.15,1168048.0,6541.55
2014-05-26,562.1,564.85,556.0,559.85,559.85,1826156.0,10232.74
2014-05-23,564.0,570.35,559.0,560.5,561.5,1759792.0,9917.88
2014-05-22,566.0,566.0,560.0,561.65,562.9,963817.0,5424.13
2014-05-21,565.4,565.4,557.7,560.0,561.35,923443.0,5180.2
2014-05-20,556.0,569.95,555.05,561.25,562.6,1281049.0,7184.53
2014-05-19,594.0,594.0,551.55,551.95,555.8,2026178.0,11412.86
2014-05-16,599.85,608.0,574.1,578.5,580.7,2603086.0,15384.5
2014-05-15,577.5,590.2,577.5,586.1,588.95,1239775.0,7260.1
2014-05-14,579.5,581.9,575.0,577.0,577.5,660415.0,3818.66
2014-05-13,574.0,579.9,569.0,576.85,577.6,1328341.0,7650.21
2014-05-12,555.55,573.0,555.55,569.9,571.5,852578.0,4829.59
2014-05-09,552.0,560.0,550.25,555.1,556.3,1133925.0,6314.62
2014-05-08,552.0,558.9,551.0,552.65,552.3,885656.0,4905.88
2014-05-07,553.0,558.45,551.45,553.5,553.15,1299628.0,7208.89
2014-05-06,559.0,561.8,552.8,553.0,553.7,550299.0,3057.7
2014-05-05,560.35,562.35,556.5,557.0,557.15,683052.0,3817.2
2014-05-02,569.75,575.6,561.2,562.15,562.15,665237.0,3767.53
2014-04-30,560.3,572.15,556.0,569.8,567.5,1680382.0,9480.51
2014-04-29,581.0,582.1,560.6,561.5,562.45,1464745.0,8308.8
2014-04-28,580.9,592.0,567.5,580.0,581.0,2948014.0,17056.71
2014-04-25,592.35,598.95,577.6,578.95,580.9,973004.0,5693.65
2014-04-23,596.45,599.1,593.0,594.2,595.5,1408755.0,8389.5
2014-04-22,599.0,604.0,593.55,595.2,596.45,871928.0,5202.32
2014-04-21,606.35,610.9,596.5,597.0,599.1,1190995.0,7156.27
2014-04-17,607.15,613.85,601.55,608.95,609.45,1052882.0,6416.91
2014-04-16,610.0,619.2,606.0,606.3,607.55,1340297.0,8194.55
2014-04-15,609.0,614.7,594.15,614.7,612.15,938013.0,5674.95
2014-04-11,613.0,619.5,606.25,608.85,609.4,713696.0,4360.5
2014-04-10,607.9,619.8,604.45,618.9,617.9,1164071.0,7152.82
2014-04-09,604.0,611.5,599.55,609.0,609.1,774135.0,4696.31
2014-04-07,605.3,609.05,596.05,607.5,604.8,1601644.0,9621.14
2014-04-04,611.0,613.5,602.5,603.8,605.3,877772.0,5329.56
2014-04-03,590.35,612.0,590.35,610.0,606.3,736770.0,4429.82
2014-04-02,604.0,605.9,588.0,596.7,594.6,2765610.0,16458.8
2014-04-01,605.0,607.95,595.35,601.0,601.75,716986.0,4302.57
2014-03-31,600.0,608.85,595.0,605.6,605.55,1090563.0,6580.01
2014-03-28,600.1,604.0,590.3,602.0,599.8,949077.0,5664.64
2014-03-27,592.0,603.0,590.05,599.45,599.8,2475382.0,14842.13
2014-03-26,593.0,599.4,588.35,590.5,591.55,1208051.0,7164.06
2014-03-25,583.0,594.4,577.5,593.0,592.75,1319832.0,7772.37
2014-03-24,575.0,584.0,574.15,580.9,582.35,944114.0,5485.61
2014-03-22,572.9,574.65,571.95,574.0,573.9,46981.0,269.6
2014-03-21,577.7,580.7,570.1,571.25,571.7,2669144.0,15338.32
2014-03-20,561.6,574.3,561.55,573.0,572.55,1434348.0,8186.34
2014-03-19,558.1,562.1,554.65,561.55,561.6,1164209.0,6506.33
2014-03-18,554.0,560.0,550.6,557.15,556.05,1464949.0,8114.9
2014-03-14,561.85,562.0,551.55,554.5,553.65,1243425.0,6897.97
2014-03-13,561.0,567.2,559.25,562.05,561.85,1055369.0,5943.79
2014-03-12,564.0,565.6,558.0,559.8,560.25,971639.0,5465.27
2014-03-11,558.8,564.9,552.65,563.75,560.35,1920661.0,10723.76
2014-03-10,552.0,559.8,548.75,556.45,557.2,1663986.0,9254.47
2014-03-07,550.5,554.45,547.2,550.5,550.4,1001114.0,5508.71
2014-03-06,552.6,554.55,547.4,549.0,549.05,1020063.0,5603.39
2014-03-05,555.6,559.0,549.75,552.0,551.2,621406.0,3443.83
2014-03-04,544.0,556.0,544.0,554.7,554.9,734703.0,4059.01
2014-03-03,550.0,550.95,542.0,543.05,543.2,608894.0,3321.48
2014-02-28,554.0,556.0,542.35,549.3,549.25,1797780.0,9855.75
2014-02-26,554.0,559.5,553.2,554.95,554.75,1012749.0,5629.97
2014-02-25,555.5,556.9,553.0,554.9,554.45,541460.0,3004.46
2014-02-24,555.25,557.7,553.2,554.4,554.9,540669.0,3003.08
2014-02-21,557.4,557.4,551.85,555.0,555.35,669715.0,3713.04
2014-02-20,558.1,558.9,553.1,555.0,554.05,651988.0,3623.03
2014-02-19,562.5,562.85,557.15,558.4,558.7,456096.0,2549.64
2014-02-18,560.0,566.0,559.95,560.3,562.25,237065.0,1334.89
2014-02-17,558.0,566.0,558.0,559.7,560.25,380480.0,2139.3
2014-02-14,557.0,563.45,553.3,561.95,560.25,749383.0,4186.67
2014-02-13,572.0,572.0,555.55,555.9,557.25,486480.0,2734.91
2014-02-12,564.85,570.35,563.4,569.75,569.45,1646508.0,9333.37
2014-02-11,565.0,569.35,561.8,563.2,562.45,1580976.0,8927.21
2014-02-10,575.65,579.75,562.65,563.65,564.0,1255220.0,7108.66
2014-02-07,587.4,589.65,574.95,577.0,577.65,927008.0,5395.78
2014-02-06,570.0,588.2,568.3,587.0,586.55,1720369.0,10017.69
2014-02-05,570.05,571.2,561.6,570.5,570.0,2423902.0,13791.34
2014-02-04,568.1,573.2,565.3,571.0,570.25,1891501.0,10780.84
2014-02-03,569.1,574.25,564.8,569.0,569.75,747170.0,4259.19
2014-01-31,569.0,573.8,565.0,570.0,570.1,1059275.0,6034.81
2014-01-30,563.55,572.8,559.7,570.05,570.4,1287033.0,7306.89
2014-01-29,569.0,574.8,563.55,570.0,569.6,1073771.0,6115.99
2014-01-28,581.0,581.65,554.5,570.0,569.7,4204432.0,23768.6
2014-01-27,563.4,584.9,555.1,580.15,575.25,3220246.0,18326.83
2014-01-24,563.0,568.85,556.6,568.0,565.8,2366263.0,13339.29
2014-01-23,567.0,570.0,560.15,567.5,567.1,856175.0,4843.85
2014-01-22,561.95,567.85,552.9,565.4,566.45,1892894.0,10604.31
2014-01-21,555.8,561.0,548.8,560.0,559.8,1927455.0,10721.15
2014-01-20,559.9,562.3,548.3,556.0,555.1,1549558.0,8601.04
2014-01-17,553.0,563.0,552.5,559.5,558.9,1475015.0,8244.99
2014-01-16,545.0,552.65,544.25,552.0,552.1,1221864.0,6710.15
2014-01-15,538.5,546.2,538.1,545.55,545.2,2060042.0,11202.61
2014-01-14,545.1,548.9,537.2,537.3,538.4,925057.0,5006.26
2014-01-13,550.0,552.0,543.5,546.0,545.7,1488598.0,8124.16
2014-01-10,555.35,556.95,548.4,548.95,549.8,985783.0,5446.14
2014-01-09,560.0,560.0,553.8,554.7,554.15,854783.0,4746.78
2014-01-08,558.0,562.15,557.0,558.25,559.15,564149.0,3155.91
2014-01-07,563.0,565.9,556.0,557.05,558.95,605461.0,3388.51
2014-01-06,567.0,567.8,560.2,563.95,563.5,603727.0,3397.78
2014-01-03,560.0,567.4,558.05,565.0,565.0,1018173.0,5734.3
2014-01-02,571.0,575.75,558.6,563.5,562.4,531660.0,3014.18
2014-01-01,570.65,574.4,569.3,572.75,572.35,251204.0,1436.54
2013-12-31,576.85,576.85,568.35,571.8,570.65,382527.0,2185.39
2013-12-30,571.25,576.9,568.7,573.0,573.35,758816.0,4350.96
2013-12-27,563.55,572.9,562.0,568.25,568.75,741157.0,4219.25
2013-12-26,564.0,569.5,561.9,564.5,563.6,2061908.0,11642.28
2013-12-24,566.0,570.0,563.9,565.5,565.1,534468.0,3028.45
2013-12-23,567.0,571.05,564.05,565.4,565.2,497585.0,2820.8
2013-12-20,554.0,569.75,551.8,566.85,568.7,1130685.0,6375.19
2013-12-19,560.0,562.9,551.8,556.0,554.95,870189.0,4833.46
2013-12-18,555.25,561.0,552.5,559.5,558.05,1029818.0,5740.54
2013-12-17,557.5,559.8,554.35,557.0,556.85,1130610.0,6295.95
2013-12-16,562.25,564.0,552.35,558.0,557.2,1176141.0,6556.79
2013-12-13,560.95,563.0,558.0,561.15,560.85,803775.0,4504.67
2013-12-12,565.0,568.1,560.65,563.05,562.75,807089.0,4544.33
2013-12-11,565.0,569.75,561.3,565.95,565.45,1073885.0,6074.87
2013-12-10,560.0,569.0,554.65,567.5,563.2,4237317.0,23729.45
2013-12-09,570.0,570.45,554.55,560.0,559.75,2328730.0,13036.15
2013-12-06,565.7,571.4,558.5,561.35,559.65,1930183.0,10863.02
2013-12-05,574.35,576.9,564.0,565.0,565.35,1685322.0,9623.49
2013-12-04,578.0,578.9,570.8,571.25,572.0,1511053.0,8659.7
2013-12-03,582.0,583.65,577.65,578.4,579.0,904361.0,5242.95
2013-12-02,597.85,597.85,580.6,583.35,582.1,1222387.0,7142.9
2013-11-29,590.0,598.05,590.0,593.5,594.75,749207.0,4458.11
2013-11-28,585.0,592.5,581.9,591.55,589.75,1302121.0,7644.33
2013-11-27,587.95,590.0,581.35,584.0,583.75,1210047.0,7073.54
2013-11-26,578.35,595.0,577.7,587.95,588.7,1913588.0,11278.47
2013-11-25,576.9,583.8,571.0,581.0,581.0,560878.0,3249.25
2013-11-22,574.35,580.0,568.8,573.0,571.6,696111.0,4001.43
2013-11-21,579.9,583.5,572.5,573.1,574.2,1006746.0,5812.02
2013-11-20,591.0,595.0,580.1,580.5,581.5,688203.0,4029.63
2013-11-19,595.0,597.0,590.0,591.6,592.25,416740.0,2472.72
2013-11-18,583.0,599.0,581.0,595.1,596.65,1229930.0,7275.5
2013-11-14,586.0,590.45,578.6,579.35,580.25,697871.0,4080.23
2013-11-13,576.95,590.85,572.35,582.0,582.75,1279188.0,7466.04
2013-11-12,576.0,579.4,573.0,576.1,574.45,1193468.0,6871.8
2013-11-11,587.2,587.2,572.7,577.6,575.05,1231490.0,7111.83
2013-11-08,591.95,593.75,583.0,584.0,585.15,1157678.0,6781.99
2013-11-07,590.95,599.0,585.9,590.0,589.95,703382.0,4174.78
2013-11-06,592.0,595.2,586.1,587.0,588.1,895583.0,5290.67
2013-11-05,602.5,607.0,595.0,595.8,595.95,754610.0,4524.23
2013-11-03,610.0,610.8,607.0,608.45,607.85,86114.0,523.97
2013-11-01,605.25,615.0,605.25,609.0,608.9,636680.0,3884.35
2013-10-31,610.15,614.75,604.1,608.0,609.85,1568688.0,9558.19
2013-10-30,605.7,614.8,602.25,613.5,613.65,776963.0,4745.54
2013-10-29,589.6,607.0,589.6,604.75,604.65,1111250.0,6652.82
2013-10-28,604.0,618.65,586.1,590.1,589.25,2756152.0,16474.43
2013-10-25,605.0,607.7,592.0,593.7,593.95,1885723.0,11272.51
2013-10-24,615.0,621.4,607.0,609.0,609.5,1471598.0,9034.87
2013-10-23,606.25,643.9,599.2,614.3,614.65,5484307.0,34004.47
2013-10-22,605.0,613.9,605.0,609.2,608.95,901297.0,5494.66
2013-10-21,606.0,610.5,605.05,608.95,609.0,598633.0,3638.57
2013-10-18,609.85,610.0,602.6,605.8,606.1,1538435.0,9340.47
2013-10-17,606.4,617.3,602.2,606.0,605.0,2169271.0,13249.84
2013-10-15,597.0,604.75,592.25,602.0,602.7,1026466.0,6139.47
2013-10-14,605.0,609.3,595.0,595.4,596.4,1010949.0,6070.9
2013-10-11,600.0,605.7,596.3,603.5,603.9,784119.0,4726.27
2013-10-10,611.0,614.95,598.3,601.15,601.35,1280329.0,7755.31
2013-10-09,605.35,611.5,605.35,610.05,610.2,1564012.0,9530.0
2013-10-08,612.9,614.8,606.25,609.95,609.65,1201322.0,7332.79
2013-10-07,606.85,614.55,606.0,610.0,611.1,1100167.0,6722.67
2013-10-04,611.0,613.85,600.0,607.5,606.75,3274613.0,19886.72
2013-10-03,620.0,620.0,603.25,608.0,609.65,4104263.0,24994.08
2013-10-01,630.0,631.0,606.95,616.0,619.2,1766671.0,10895.28
2013-09-30,621.0,631.85,619.0,627.0,627.45,1205277.0,7566.43
2013-09-27,632.0,632.0,616.25,619.1,621.0,1214348.0,7555.2
2013-09-26,636.0,636.05,621.15,634.95,628.9,2064365.0,12945.14
2013-09-25,642.0,649.7,622.65,633.0,633.6,1684929.0,10693.84
2013-09-24,642.0,656.2,636.25,645.9,643.1,1425200.0,9205.03
2013-09-23,644.5,664.75,634.0,642.7,642.6,1045119.0,6729.26
2013-09-20,674.9,677.6,639.5,651.95,651.05,1951942.0,12799.83
2013-09-19,654.0,685.0,650.95,676.5,677.6,2061482.0,13859.66
2013-09-18,626.1,644.8,624.5,643.25,642.2,927405.0,5927.34
2013-09-17,619.0,631.0,615.0,630.0,628.65,737567.0,4606.3
2013-09-16,628.05,638.1,613.25,620.5,620.1,974416.0,6113.59
2013-09-13,629.7,634.95,620.0,622.05,621.75,763618.0,4777.0
2013-09-12,642.0,644.95,623.25,627.0,626.3,1123281.0,7091.92
2013-09-11,648.25,652.5,635.15,640.95,643.6,1180964.0,7589.23
2013-09-10,623.0,659.4,623.0,649.0,653.5,2086680.0,13450.4
2013-09-06,629.7,635.3,610.0,619.6,617.6,1284157.0,7932.01
2013-09-05,618.95,631.7,616.2,630.0,628.0,725423.0,4543.07
2013-09-04,611.0,624.7,604.0,613.5,616.5,959682.0,5916.84
2013-09-03,641.0,644.0,608.1,611.0,613.35,1157960.0,7221.8
2013-09-02,632.0,647.4,632.0,637.9,641.3,1133123.0,7268.31
2013-08-30,602.0,638.75,600.3,632.5,631.45,2478561.0,15367.99
2013-08-29,594.0,611.35,587.7,604.0,607.0,2485894.0,14972.19
2013-08-28,589.0,602.7,579.55,593.0,594.55,2582899.0,15199.31
2013-08-27,605.0,606.0,586.1,597.5,595.55,2297372.0,13667.89
2013-08-26,606.0,616.5,600.1,606.0,608.5,1064662.0,6491.49
2013-08-23,597.5,604.35,587.1,601.75,601.35,2360748.0,14091.93
2013-08-22,587.0,599.35,578.95,591.0,592.65,1814279.0,10745.34
2013-08-21,595.0,606.85,583.25,589.3,589.4,2540740.0,15004.37
2013-08-20,585.0,598.0,579.35,596.0,590.6,2575130.0,15141.5
2013-08-19,597.0,602.5,583.35,588.5,589.3,1650465.0,9792.53
2013-08-16,615.35,618.0,595.0,601.0,599.0,3009323.0,18172.43
2013-08-14,619.0,621.95,612.3,616.5,616.6,946392.0,5828.33
2013-08-13,611.0,624.9,606.4,622.05,621.6,881909.0,5435.6
2013-08-12,600.0,620.3,600.0,614.05,615.65,1366927.0,8375.66
2013-08-08,603.15,607.1,596.1,601.0,600.0,1718456.0,10317.22
2013-08-07,606.55,611.95,595.95,601.9,603.2,2424701.0,14598.6
2013-08-06,618.0,625.15,605.45,609.95,608.35,1203007.0,7377.9
2013-08-05,620.0,627.85,615.15,619.75,618.8,1410809.0,8772.36
2013-08-02,638.0,640.2,608.35,616.95,615.95,2783404.0,17174.43
2013-08-01,609.1,641.4,608.35,632.1,635.2,2143419.0,13535.53
2013-07-31,621.25,625.05,605.25,615.0,612.55,4105005.0,25186.69
2013-07-30,633.0,635.4,622.6,625.15,627.0,1857276.0,11638.26
2013-07-29,660.1,660.95,625.1,637.5,638.55,4161171.0,26476.3
2013-07-26,679.5,681.15,648.4,662.0,663.7,8739293.0,57938.86
2013-07-25,706.0,713.9,675.1,683.5,687.95,5550291.0,38194.06
2013-07-24,718.0,725.0,705.25,710.0,709.45,3485015.0,24927.68
2013-07-23,700.0,722.0,696.85,720.0,718.8,3299142.0,23485.6
2013-07-22,684.7,701.0,680.4,699.0,697.15,1801410.0,12494.91
2013-07-19,694.7,708.8,678.3,682.5,686.1,8816903.0,61167.73
2013-07-18,685.8,719.1,669.4,687.5,688.05,10021074.0,69238.28
2013-07-17,623.05,699.35,618.65,680.0,685.05,18748031.0,125226.15
2013-07-16,612.7,628.9,606.0,625.35,623.1,2228512.0,13822.27
2013-07-15,600.0,618.0,598.75,612.45,614.2,2644608.0,16115.56
2013-07-12,601.0,603.0,590.45,601.5,601.6,1379218.0,8262.83
2013-07-11,597.9,603.0,593.75,600.2,601.05,1530058.0,9160.7
2013-07-10,601.45,602.65,591.15,595.95,594.95,2245187.0,13378.21
2013-07-09,610.45,611.85,604.0,604.65,604.95,1082343.0,6553.0
2013-07-08,608.0,612.8,599.0,610.35,609.7,1783428.0,10806.72
2013-07-05,624.0,632.0,605.1,609.4,609.35,4817710.0,29588.91
2013-07-04,586.55,605.4,583.4,604.0,601.4,4840129.0,28869.58
2013-07-03,585.0,596.5,582.6,586.5,587.85,2285572.0,13495.42
2013-07-02,586.5,591.1,585.1,590.4,587.85,3265981.0,19173.51
2013-07-01,584.3,588.5,583.2,588.25,587.4,7069503.0,41511.65
2013-06-28,589.45,589.45,584.0,585.75,585.15,9787702.0,57319.43
2013-06-27,588.6,590.6,587.0,589.45,588.95,15851546.0,93349.01
2013-06-26,586.4,589.5,585.1,588.5,588.35,4619598.0,27174.36
2013-06-25,581.1,588.9,581.1,588.65,587.75,4177811.0,24443.16
2013-06-24,590.05,591.75,581.55,584.8,583.95,8830754.0,51631.32
2013-06-21,593.5,594.35,589.05,590.7,590.65,6623347.0,39120.42
2013-06-20,594.55,595.0,592.55,594.0,593.3,2592060.0,15388.95
2013-06-19,595.0,595.0,593.5,595.0,594.75,2962206.0,17605.15
2013-06-18,595.7,598.05,593.35,595.65,595.65,1831701.0,10909.83
2013-06-17,594.15,597.35,593.65,596.7,595.9,787063.0,4686.46
2013-06-14,595.0,595.0,592.65,593.6,593.6,1029944.0,6110.76
2013-06-13,594.0,595.0,592.05,594.7,594.7,1071002.0,6363.0
2013-06-12,594.8,594.8,593.1,593.75,593.65,733188.0,4352.71
2013-06-11,592.2,594.75,592.0,593.7,593.5,1117140.0,6628.71
2013-06-10,591.1,594.0,591.1,593.6,592.7,824294.0,4882.09
2013-06-07,590.55,592.3,590.55,591.3,591.15,982944.0,5809.82
2013-06-06,590.3,591.35,589.15,590.8,590.85,2907337.0,17175.16
2013-06-05,590.75,591.75,589.6,590.6,590.3,1881857.0,11107.01
2013-06-04,591.0,592.95,590.4,591.1,590.7,1301781.0,7694.07
2013-06-03,588.25,593.85,588.25,592.0,592.1,1389907.0,8226.5
2013-05-31,593.05,597.85,591.1,591.25,592.5,1683995.0,9992.21
2013-05-30,591.1,596.5,591.1,594.0,595.55,2469202.0,14693.28
2013-05-29,591.6,594.95,590.0,594.35,594.15,898094.0,5329.82
2013-05-28,592.0,592.3,589.05,591.0,591.35,826579.0,4881.54
2013-05-27,586.2,592.65,585.2,591.35,591.6,1185438.0,6986.84
2013-05-24,586.0,587.0,585.15,586.05,586.15,1290939.0,7559.78
2013-05-23,584.25,585.9,584.25,585.2,585.25,2498040.0,14616.25
2013-05-22,584.1,585.55,584.1,585.0,585.1,1053010.0,6160.64
2013-05-21,586.0,590.0,585.25,585.5,585.8,1565233.0,9178.92
2013-05-20,586.0,587.85,585.05,586.5,586.4,1476948.0,8663.58
2013-05-17,582.5,586.75,582.5,586.0,586.0,1493246.0,8746.29
2013-05-16,583.1,585.85,582.05,583.0,582.75,3247546.0,18940.56
2013-05-15,585.7,587.6,583.55,584.0,585.5,1871906.0,10965.77
2013-05-14,582.45,585.0,581.55,583.45,583.85,762210.0,4450.24
2013-05-13,585.85,587.0,581.25,582.2,582.2,1858762.0,10838.95
2013-05-11,585.85,587.0,585.0,586.5,586.1,43958.0,257.49
2013-05-10,587.7,587.75,583.55,585.0,585.0,962470.0,5629.32
2013-05-09,588.0,588.1,584.0,585.1,584.85,1192515.0,6986.64
2013-05-08,578.25,588.4,578.25,587.5,587.0,2665710.0,15614.78
2013-05-07,573.0,581.4,572.5,580.0,579.35,1953522.0,11271.94
2013-05-06,572.2,576.15,571.1,573.0,573.15,1541686.0,8834.61
2013-05-03,570.5,577.5,570.5,573.55,572.4,2935748.0,16820.69
2013-05-02,582.85,582.85,570.35,572.85,571.85,7162821.0,41214.61
2013-04-30,547.05,597.0,547.05,582.75,583.8,19185543.0,111996.87
2013-04-29,465.0,499.65,457.6,498.1,497.35,11096404.0,53474.8
2013-04-26,477.35,477.35,462.7,464.35,465.05,2239631.0,10459.7
2013-04-25,480.25,486.35,469.1,474.0,478.65,2833099.0,13487.59
2013-04-23,482.0,489.5,477.65,477.65,479.35,1320840.0,6374.24
2013-04-22,482.6,487.0,481.15,482.5,482.9,2283739.0,11046.84
2013-04-18,482.35,487.5,481.25,482.65,483.2,2197874.0,10642.12
2013-04-17,484.0,487.95,482.05,483.2,483.05,2711366.0,13125.54
2013-04-16,473.0,487.0,471.5,486.25,485.8,1451228.0,7014.85
2013-04-15,479.1,479.7,470.6,474.5,475.0,1378046.0,6531.72
2013-04-12,468.1,480.0,468.1,480.0,479.05,1502206.0,7177.15
2013-04-11,472.8,474.0,465.0,470.0,471.65,2194005.0,10299.24
2013-04-10,477.0,477.0,465.2,466.65,467.95,2033464.0,9536.78
2013-04-09,479.05,480.5,469.15,472.05,472.15,3098313.0,14696.46
2013-04-08,471.0,479.35,471.0,479.0,477.95,1869019.0,8900.17
2013-04-05,469.95,474.4,468.35,471.0,471.7,1372376.0,6475.05
2013-04-04,461.55,471.7,461.55,471.2,470.05,1726008.0,8076.4
2013-04-03,467.4,470.95,461.1,463.1,462.8,1700086.0,7890.37
2013-04-02,471.0,474.0,468.8,470.35,470.9,855108.0,4029.84
2013-04-01,466.0,474.8,465.1,471.95,471.35,944417.0,4444.76
2013-03-28,471.0,472.45,462.85,466.55,466.95,5842644.0,27318.15
2013-03-26,462.6,475.8,462.6,472.85,472.7,2577126.0,12129.06
2013-03-25,463.15,465.0,458.35,463.0,461.3,1175950.0,5428.25
2013-03-22,461.5,468.7,456.7,460.0,459.1,2023676.0,9352.03
2013-03-21,468.85,472.0,457.3,464.0,460.8,3649437.0,16900.32
2013-03-20,453.5,470.35,450.4,469.75,468.65,2681146.0,12451.43
2013-03-19,467.05,467.65,452.5,453.0,453.5,3089196.0,14105.03
2013-03-18,455.0,466.5,455.0,463.75,463.45,2315988.0,10736.06
2013-03-15,457.95,464.0,455.55,459.95,458.6,5763799.0,26461.69
2013-03-14,446.1,460.0,446.1,456.0,456.05,4887406.0,22267.15
2013-03-13,444.0,450.0,443.6,447.0,446.75,1964447.0,8781.42
2013-03-12,440.0,448.5,439.3,443.2,444.45,3055791.0,13598.39
2013-03-11,438.0,444.4,437.5,438.35,439.05,2172102.0,9597.83
2013-03-08,434.75,439.7,433.2,437.0,437.8,3710974.0,16179.4
2013-03-07,438.75,443.0,432.15,433.0,433.2,3510565.0,15254.85
2013-03-06,450.25,451.0,439.1,440.45,440.5,3117341.0,13815.56
2013-03-05,442.75,451.4,441.0,451.0,449.9,2602130.0,11588.69
2013-03-04,450.35,451.95,440.0,440.25,440.95,2112775.0,9382.09
2013-03-01,447.0,456.65,440.15,451.0,452.8,1620895.0,7248.37
2013-02-28,455.4,458.0,435.0,444.95,443.05,3984567.0,17883.78
2013-02-27,454.5,459.8,452.45,454.0,453.25,1530865.0,6983.13
2013-02-26,451.5,462.0,450.6,452.6,452.1,1591179.0,7240.66
2013-02-25,456.05,457.8,450.0,452.0,451.7,1483568.0,6718.2
2013-02-22,467.0,467.15,454.0,455.2,455.4,2420050.0,11096.62
2013-02-21,476.0,478.2,464.15,468.9,468.25,2049876.0,9610.93
2013-02-20,477.0,478.7,471.95,477.5,477.15,1257057.0,5967.01
2013-02-19,472.0,477.85,469.45,476.55,476.6,1684526.0,8005.8
2013-02-18,462.3,471.75,462.0,470.8,470.2,1116507.0,5231.35
2013-02-15,463.6,467.8,460.1,462.95,462.1,1446219.0,6702.23
2013-02-14,454.15,467.95,453.6,463.45,464.55,2698872.0,12491.8
2013-02-13,460.0,460.0,453.65,454.5,455.75,1457944.0,6654.09
2013-02-12,457.5,464.25,457.5,459.2,460.0,1161048.0,5352.08
2013-02-11,455.05,463.5,450.1,459.95,460.55,1687906.0,7754.17
2013-02-08,455.05,457.5,449.5,453.0,452.7,2054421.0,9306.63
2013-02-07,452.0,458.3,452.0,456.5,456.0,1306127.0,5957.56
2013-02-06,462.55,463.4,451.15,455.0,454.25,2398688.0,10900.03
2013-02-05,464.7,468.0,459.9,461.5,461.5,1464418.0,6784.44
2013-02-04,466.1,469.5,459.6,468.85,467.1,2333391.0,10821.01
2013-02-01,472.85,472.85,463.45,465.35,464.85,1778094.0,8276.9
2013-01-31,473.1,479.1,470.0,470.2,473.95,2602245.0,12324.54
2013-01-30,469.6,481.8,469.6,478.0,477.45,3235887.0,15440.86
2013-01-29,468.0,471.85,465.25,470.7,468.55,2203760.0,10322.74
2013-01-28,476.0,476.95,466.05,470.95,470.35,2867126.0,13477.65
2013-01-25,468.5,477.85,466.45,476.0,476.5,3193879.0,15089.55
2013-01-24,458.8,470.3,457.65,468.25,468.8,2986749.0,13908.58
2013-01-23,451.2,463.6,447.85,461.1,460.05,18353640.0,83880.96
2013-01-22,496.4,505.5,463.4,465.2,480.9,13295996.0,64600.17
2013-01-21,490.05,499.85,482.35,494.0,497.25,4409836.0,21799.18
2013-01-18,502.0,502.8,488.0,490.0,490.4,3953993.0,19470.99
2013-01-17,498.05,504.55,496.6,501.6,500.55,2527307.0,12650.97
2013-01-16,504.45,505.1,498.0,500.35,500.15,2197579.0,11004.74
2013-01-15,504.95,508.3,497.6,502.5,503.7,2537955.0,12744.36
2013-01-14,500.0,508.4,492.0,505.75,505.3,2522332.0,12632.66
2013-01-11,517.0,518.0,495.1,495.5,498.1,2134714.0,10751.93
2013-01-10,520.0,521.9,513.7,516.5,516.6,1651086.0,8524.41
2013-01-09,526.0,529.85,518.2,519.0,519.3,1566612.0,8196.16
2013-01-08,523.0,527.1,520.0,525.9,525.5,1646596.0,8607.1
2013-01-07,533.65,534.65,522.8,523.05,525.4,2310025.0,12194.24
2013-01-04,534.0,536.3,529.1,534.4,534.7,1159517.0,6177.99
2013-01-03,532.0,533.7,526.5,532.0,532.35,1059032.0,5625.65
2013-01-02,531.1,534.0,528.05,530.1,530.5,1523020.0,8073.65
2013-01-01,525.55,533.5,525.25,530.15,530.6,538696.0,2855.16
2012-12-31,522.1,526.9,520.05,524.95,524.85,807948.0,4232.29
2012-12-28,519.8,523.0,516.95,521.0,522.1,1300009.0,6765.59
2012-12-27,525.0,525.0,515.75,518.0,518.2,3096975.0,16086.68
2012-12-26,529.2,530.75,522.3,523.0,523.4,1066122.0,5595.28
2012-12-24,528.0,536.55,524.3,532.8,531.7,974860.0,5186.7
2012-12-21,530.7,534.5,525.1,526.1,527.15,1643260.0,8718.07
2012-12-20,522.05,534.25,520.95,531.95,532.7,2607533.0,13800.74
2012-12-19,525.45,527.0,520.65,524.9,522.95,3281937.0,17169.07
2012-12-18,523.7,525.5,517.25,523.25,524.75,1239848.0,6484.22
2012-12-17,518.0,523.55,515.0,521.55,522.75,1515965.0,7877.41
2012-12-14,520.0,524.2,513.6,518.4,516.65,2918226.0,15126.26
2012-12-13,528.0,531.95,513.85,520.15,519.75,6190043.0,32298.03
2012-12-12,545.6,546.55,528.0,528.75,529.75,6114128.0,32710.78
2012-12-11,534.1,554.25,534.1,544.0,544.9,6021846.0,32848.31
2012-12-10,531.1,536.55,531.0,533.75,534.85,1907839.0,10207.16
2012-12-07,533.35,537.35,527.3,530.0,530.65,3273673.0,17371.59
2012-12-06,533.0,537.0,522.35,535.0,535.25,2297890.0,12178.73
2012-12-05,534.25,537.8,530.35,533.0,531.75,1159578.0,6175.7
2012-12-04,536.05,538.1,532.0,534.05,533.7,710732.0,3793.31
2012-12-03,540.8,542.3,535.2,535.6,536.5,1541307.0,8282.39
2012-11-30,548.0,549.7,536.0,539.05,538.1,2283393.0,12316.23
2012-11-29,540.2,550.9,540.2,549.95,548.15,2396376.0,13062.98
2012-11-27,537.5,543.9,537.2,541.4,541.65,1737783.0,9391.44
2012-11-26,530.0,540.0,528.1,536.95,537.4,1089441.0,5854.3
2012-11-23,526.5,532.5,524.2,528.9,530.2,1034970.0,5460.8
2012-11-22,524.1,528.85,521.75,524.0,524.35,1068387.0,5608.31
2012-11-21,518.6,526.15,517.65,523.65,524.6,1414178.0,7387.28
2012-11-20,517.85,522.9,514.5,520.1,520.2,1387806.0,7211.18
2012-11-19,521.0,521.0,512.1,517.4,516.65,1503306.0,7756.16
2012-11-16,532.45,533.9,516.6,517.35,521.0,1544605.0,8149.72
2012-11-15,531.5,535.95,528.65,533.45,533.8,2065869.0,11008.96
2012-11-13,530.0,531.5,527.5,528.5,529.0,109568.0,579.45
2012-11-12,528.05,533.1,528.0,530.3,529.8,1292637.0,6859.06
2012-11-09,532.35,536.4,525.8,528.3,529.15,1541504.0,8184.88
2012-11-08,532.25,536.9,530.6,532.6,533.35,1192259.0,6354.11
2012-11-07,532.1,536.3,527.1,533.15,534.55,1835616.0,9759.8
2012-11-06,530.5,535.0,526.6,534.1,532.85,1590975.0,8448.7
2012-11-05,536.4,537.25,530.35,532.5,533.0,1500512.0,8008.33
2012-11-02,541.45,541.45,532.2,533.95,533.0,2005259.0,10716.7
2012-11-01,537.4,540.6,531.0,536.65,537.45,1843023.0,9871.84
2012-10-31,550.2,551.05,541.5,547.4,546.6,2000378.0,10895.4
2012-10-30,545.7,554.2,543.35,550.55,550.6,1615935.0,8895.0
2012-10-29,550.0,551.75,541.05,547.65,546.05,2311782.0,12629.14
2012-10-26,564.7,569.0,547.75,548.6,552.2,6148192.0,34285.49
2012-10-25,570.95,570.95,559.85,564.55,563.95,3283093.0,18547.86
2012-10-23,569.9,573.15,567.0,570.95,570.35,781659.0,4459.26
2012-10-22,566.65,572.0,565.25,567.7,569.45,1019679.0,5800.09
2012-10-19,574.0,574.05,564.65,567.0,566.55,2057309.0,11688.59
2012-10-18,573.3,580.0,571.0,577.2,575.6,979652.0,5639.2
2012-10-17,575.05,575.9,569.25,574.2,573.05,904193.0,5172.27
2012-10-16,578.5,580.45,568.65,574.15,574.25,1456748.0,8350.82
2012-10-15,575.0,579.9,569.2,577.25,578.55,1092761.0,6292.6
2012-10-12,573.95,576.25,570.25,575.0,575.05,1314242.0,7542.91
2012-10-11,566.75,572.95,558.75,570.1,571.35,1409055.0,7990.61
2012-10-10,567.0,568.75,562.85,563.1,563.9,1058543.0,5981.5
2012-10-09,561.25,570.6,561.25,568.05,568.85,1351313.0,7656.62
2012-10-08,563.05,564.9,557.55,561.8,560.05,1027242.0,5756.98
2012-10-05,559.0,568.7,444.45,564.55,565.4,3291190.0,18293.46
2012-10-04,556.5,561.9,554.5,557.4,555.5,2203993.0,12291.12
2012-10-03,542.25,557.7,542.25,556.7,555.5,1781389.0,9849.03
2012-10-01,543.0,546.2,541.55,543.0,542.85,726130.0,3947.27
2012-09-28,538.25,549.0,536.55,545.95,545.85,2379138.0,12981.76
2012-09-27,529.9,540.0,527.65,535.9,537.75,2452894.0,13135.14
2012-09-26,527.9,535.9,524.4,528.1,526.85,1743114.0,9254.12
2012-09-25,518.0,530.1,511.4,529.9,528.4,2698327.0,14126.81
2012-09-24,530.0,531.05,508.7,518.3,518.05,4620998.0,23868.04
2012-09-21,531.2,536.8,528.3,532.0,529.7,3416021.0,18162.79
2012-09-20,525.5,540.95,525.5,528.95,527.5,3448015.0,18329.34
2012-09-18,531.0,537.9,528.2,533.0,532.4,3898228.0,20723.78
2012-09-17,554.0,554.05,529.15,532.0,531.85,4246948.0,22851.54
2012-09-14,552.0,554.7,545.55,548.4,548.05,3526275.0,19346.94
2012-09-13,540.0,548.0,539.05,547.0,547.05,1786501.0,9732.66
2012-09-12,534.0,542.5,533.0,542.45,541.0,1763051.0,9509.71
2012-09-11,534.4,539.05,530.1,533.65,531.85,1168093.0,6227.21
2012-09-10,542.0,542.3,533.4,534.2,535.15,1855860.0,9949.49
2012-09-08,537.0,542.3,537.0,542.3,540.95,144242.0,779.75
2012-09-07,531.0,539.5,526.9,537.85,538.95,2340778.0,12531.78
2012-09-06,531.1,533.5,523.6,527.0,526.45,1744174.0,9197.1
2012-09-05,518.05,532.45,518.05,531.7,531.2,2837160.0,14983.47
2012-09-04,514.05,522.45,514.05,522.0,521.05,1312288.0,6812.92
2012-09-03,517.95,518.9,511.2,515.2,515.1,1740309.0,8960.94
2012-08-31,527.9,529.45,514.05,514.5,515.1,3416287.0,17662.95
2012-08-30,519.05,550.85,519.05,534.0,528.7,3526927.0,18552.22
2012-08-29,522.35,524.8,518.8,522.5,522.55,1550960.0,8104.37
2012-08-28,521.0,525.7,519.3,523.9,524.1,1484882.0,7763.85
2012-08-27,520.0,525.95,518.6,521.7,521.05,1680007.0,8775.15
2012-08-24,519.95,528.0,516.35,517.5,517.95,3544251.0,18483.18
2012-08-23,512.25,524.5,512.1,523.9,520.4,2546219.0,13204.57
2012-08-22,512.0,515.0,510.1,511.35,512.85,1602330.0,8212.5
2012-08-21,502.9,514.8,500.7,513.35,513.6,2584115.0,13145.39
2012-08-17,494.95,505.45,493.55,503.4,503.4,2565741.0,12909.48
2012-08-16,494.25,496.45,490.0,494.45,494.75,1459688.0,7205.89
2012-08-14,492.0,497.15,488.6,496.9,495.9,646462.0,3188.6
2012-08-13,494.7,499.0,487.4,491.5,490.3,1442959.0,7101.79
2012-08-10,486.05,498.5,485.95,497.6,497.7,1706786.0,8415.23
2012-08-09,477.25,489.85,477.25,489.75,488.25,1705222.0,8275.34
2012-08-08,470.0,478.95,469.3,477.0,477.15,1835156.0,8729.58
2012-08-07,468.1,472.5,466.4,470.05,469.9,1946016.0,9133.81
2012-08-06,468.25,470.0,465.5,468.7,467.35,988874.0,4620.67
2012-08-03,466.3,469.85,465.5,466.4,466.6,1784528.0,8339.46
2012-08-02,470.35,473.8,466.65,468.5,468.45,1552143.0,7288.46
2012-08-01,465.95,473.8,465.0,470.15,470.15,1493360.0,7013.34
2012-07-31,465.15,469.7,464.95,465.85,467.35,5639186.0,26356.42
2012-07-30,467.9,469.0,461.55,464.0,465.75,3988589.0,18555.95
2012-07-27,464.0,468.5,463.1,464.95,464.6,3973735.0,18506.43
2012-07-26,465.0,466.4,460.8,461.5,461.85,2844026.0,13156.73
2012-07-25,473.65,474.75,463.6,464.4,464.45,3588427.0,16763.91
2012-07-24,452.8,477.75,450.35,476.5,476.2,12434286.0,58200.43
2012-07-23,445.5,446.0,441.45,443.0,442.95,1981053.0,8797.81
2012-07-20,446.7,449.4,445.15,445.6,446.05,1922480.0,8594.66
2012-07-19,448.8,449.0,444.2,447.0,446.65,1153087.0,5152.42
2012-07-18,445.85,447.4,443.05,446.85,446.3,1934268.0,8628.6
2012-07-17,441.25,445.7,441.25,442.8,444.15,1194197.0,5300.2
2012-07-16,442.0,445.6,439.35,439.75,441.15,1047284.0,4642.06
2012-07-13,442.6,445.3,440.5,441.0,441.1,823610.0,3639.26
2012-07-12,440.0,447.9,439.35,442.95,442.95,1698747.0,7546.4
2012-07-11,446.0,446.55,438.35,441.35,441.4,2486849.0,10976.11
2012-07-10,445.6,448.5,440.3,447.7,446.4,2182734.0,9677.39
2012-07-09,446.4,446.95,443.1,443.55,443.95,1006094.0,4476.22
2012-07-06,441.0,448.0,441.0,446.0,446.05,1942688.0,8659.01
2012-07-05,438.0,445.0,438.0,440.6,440.85,1228702.0,5427.79
2012-07-04,439.85,441.0,434.7,439.1,437.95,1243347.0,5441.1
2012-07-03,446.5,451.0,438.6,442.2,441.35,2158825.0,9558.04
2012-07-02,453.25,456.6,445.55,446.6,446.6,1476506.0,6646.43
2012-06-29,458.7,463.3,453.35,454.05,454.5,4480357.0,20448.49
2012-06-28,452.5,454.7,449.55,450.5,451.65,2047672.0,9241.64
2012-06-27,451.8,454.9,449.05,452.0,452.45,1547735.0,6973.0
2012-06-26,458.25,458.7,448.1,451.4,450.7,2391622.0,10794.94
2012-06-25,460.0,463.8,459.2,460.0,460.05,1042431.0,4802.06
2012-06-22,458.6,464.2,458.2,461.3,460.3,1112693.0,5123.63
2012-06-21,453.05,464.7,452.75,464.65,460.15,1908311.0,8735.92
2012-06-20,449.0,458.0,448.2,457.5,455.6,2265526.0,10304.86
2012-06-19,445.0,452.95,445.0,448.85,449.2,1865944.0,8370.37
2012-06-18,450.0,453.8,443.75,446.35,446.45,1868135.0,8365.54
2012-06-15,443.0,451.95,441.55,448.0,449.45,2487629.0,11128.52
2012-06-14,446.0,449.7,440.05,441.0,440.8,1950641.0,8681.2
2012-06-13,432.25,448.5,432.2,447.1,447.55,3034493.0,13433.96
2012-06-12,434.95,435.5,430.25,432.0,432.55,2128965.0,9208.51
2012-06-11,430.25,437.65,429.3,435.3,436.15,1765844.0,7684.0
2012-06-08,422.55,431.25,422.3,428.8,429.3,2762193.0,11842.88
2012-06-07,423.5,425.0,421.65,424.0,423.75,2861606.0,12123.75
2012-06-06,409.15,425.6,409.15,419.9,420.05,5031386.0,21145.62
2012-06-05,414.5,415.95,406.1,407.5,407.3,1596568.0,6543.13
2012-06-04,417.4,419.6,408.8,412.75,412.4,1053519.0,4338.96
2012-06-01,428.4,433.0,417.9,418.5,419.5,1198654.0,5057.35
2012-05-31,418.75,430.8,417.65,424.2,428.0,3840908.0,16358.73
2012-05-30,416.0,423.4,414.05,422.8,422.45,1459824.0,6120.01
2012-05-29,418.0,419.55,414.0,416.2,416.25,1147219.0,4781.54
2012-05-28,420.5,421.45,413.2,417.2,417.45,1259996.0,5243.98
2012-05-25,423.0,425.9,419.0,420.15,420.85,1174995.0,4957.87
2012-05-24,428.0,428.0,420.8,425.0,424.7,1065218.0,4518.59
2012-05-23,422.9,429.0,419.2,426.95,427.0,1594562.0,6746.92
2012-05-22,428.4,429.4,422.35,424.9,423.85,1318747.0,5605.16
2012-05-21,431.2,433.95,425.0,425.55,426.2,914515.0,3925.42
2012-05-18,426.15,437.0,426.15,432.0,432.05,2121717.0,9185.26
2012-05-17,428.7,435.3,426.2,430.25,429.95,2518722.0,10860.82
2012-05-16,430.0,433.0,426.75,427.4,427.75,2094109.0,8950.36
2012-05-15,432.0,433.8,431.55,433.0,432.45,1454395.0,6286.03
2012-05-14,433.95,435.0,430.45,435.0,433.85,1208457.0,5230.18
2012-05-11,435.0,435.0,431.4,433.5,432.05,1811513.0,7829.86
2012-05-10,431.1,440.0,431.1,432.8,433.25,1652017.0,7211.5
2012-05-09,430.5,435.7,426.6,430.95,432.55,1656021.0,7173.84
2012-05-08,430.0,436.3,429.6,431.05,430.85,1505249.0,6523.73
2012-05-07,429.55,434.0,425.0,430.65,429.95,1165490.0,5007.88
2012-05-04,432.5,437.75,431.15,433.2,434.9,1828561.0,7949.45
2012-05-03,422.5,435.5,422.5,435.0,434.75,6817254.0,29459.06
2012-05-02,430.0,433.8,423.6,425.15,425.0,4465721.0,19145.7
2012-04-30,417.65,421.4,414.35,414.9,417.6,2701937.0,11287.52
2012-04-28,416.95,418.2,416.0,417.0,417.6,18757.0,78.25
2012-04-27,414.0,418.3,412.55,417.8,415.4,2408519.0,9979.58
2012-04-26,418.1,419.85,412.25,414.55,414.7,2175667.0,9020.03
2012-04-25,419.35,422.0,416.4,419.2,419.1,1021535.0,4281.54
2012-04-24,417.9,423.35,416.35,420.6,420.5,1386044.0,5834.8
2012-04-23,422.35,424.35,416.0,416.15,417.1,498101.0,2089.93
2012-04-20,426.0,426.0,416.4,425.05,423.0,1990448.0,8415.39
2012-04-19,423.5,430.5,420.6,424.4,425.5,2363011.0,10003.93
2012-04-18,423.0,424.1,420.25,423.35,422.85,1749037.0,7374.28
2012-04-17,421.0,425.45,419.35,421.9,422.2,1470364.0,6213.3
2012-04-16,424.75,425.9,420.35,421.6,421.25,722676.0,3055.8
2012-04-13,424.0,428.4,422.9,426.5,425.15,891169.0,3794.06
2012-04-12,416.25,422.0,414.6,421.9,421.2,1678795.0,7057.51
2012-04-11,413.25,420.85,410.1,416.25,416.6,1747310.0,7267.48
2012-04-10,405.0,417.5,404.85,416.0,414.95,2726003.0,11239.18
2012-04-09,401.3,406.2,400.0,405.5,404.5,1463760.0,5905.76
2012-04-04,404.0,404.3,398.0,398.6,399.2,1285156.0,5141.71
2012-04-03,407.8,409.65,402.75,404.5,403.75,1308869.0,5299.52
2012-04-02,408.2,408.95,404.1,406.15,405.65,1539502.0,6246.63
2012-03-30,409.2,414.45,406.3,407.0,410.05,1963767.0,8040.98
2012-03-29,411.0,414.55,406.2,409.8,408.35,2403473.0,9839.86
2012-03-28,415.55,418.55,411.0,412.85,412.5,1830505.0,7598.87
2012-03-27,404.8,417.7,403.0,416.5,416.05,4279621.0,17725.12
2012-03-26,403.0,405.45,396.55,402.05,403.35,1925706.0,7749.61
2012-03-23,396.5,407.0,396.5,402.7,403.1,3300855.0,13299.53
2012-03-22,404.0,406.35,392.8,399.0,395.85,2497386.0,10018.73
2012-03-21,395.2,404.5,395.1,403.6,403.2,3610315.0,14506.65
2012-03-20,395.1,398.9,392.65,395.5,395.4,2100522.0,8296.53
2012-03-19,391.0,399.7,387.75,394.4,393.85,2963461.0,11705.03
2012-03-16,389.9,391.95,383.15,391.0,390.2,2672919.0,10394.03
2012-03-15,383.7,390.0,382.1,389.15,388.1,2310912.0,8904.23
2012-03-14,384.8,386.0,380.6,382.15,381.55,1316660.0,5040.36
2012-03-13,381.0,385.8,380.6,381.9,381.8,890947.0,3407.6
2012-03-12,383.5,385.0,380.0,380.7,380.55,766487.0,2928.28
2012-03-09,387.85,388.1,381.0,382.9,382.25,1401098.0,5364.42
2012-03-07,381.25,386.0,378.3,385.6,385.0,1118547.0,4293.41
2012-03-06,380.1,386.4,378.1,380.3,380.2,1464049.0,5585.58
2012-03-05,380.0,383.25,377.2,382.05,382.55,765991.0,2915.87
2012-03-03,381.05,383.85,380.5,380.5,381.35,47711.0,182.36
2012-03-02,379.65,383.65,376.5,382.65,382.85,1316617.0,5004.22
2012-03-01,379.5,382.9,377.3,379.3,380.35,1603552.0,6088.76
2012-02-29,382.15,386.85,378.85,381.0,380.2,4159331.0,15867.19
2012-02-28,380.65,384.0,380.05,381.0,381.25,2574086.0,9817.11
2012-02-27,388.85,390.8,377.6,380.0,380.05,2232300.0,8616.69
2012-02-24,389.75,390.4,383.55,386.5,385.9,1728472.0,6693.24
2012-02-23,377.15,389.45,377.15,388.0,388.2,2728135.0,10517.33
2012-02-22,381.0,383.5,376.1,378.4,378.5,2030557.0,7688.13
2012-02-21,386.8,388.4,381.05,382.05,381.95,2314496.0,8880.41
2012-02-17,385.55,388.0,381.2,386.6,385.1,3128005.0,12002.02
2012-02-16,389.0,389.0,383.1,383.35,384.05,1472742.0,5670.06
2012-02-15,393.75,393.75,385.0,388.1,388.5,2772667.0,10769.48
2012-02-14,391.2,393.0,388.5,392.7,391.85,1096306.0,4293.48
2012-02-13,388.4,393.7,387.1,391.2,391.75,1329643.0,5191.96
2012-02-10,393.0,395.0,385.75,387.2,387.4,1192722.0,4645.56
2012-02-09,385.3,394.7,385.3,393.15,393.35,1611262.0,6313.27
2012-02-08,383.0,389.9,382.5,388.9,388.55,2952882.0,11425.52
2012-02-07,388.0,388.0,378.0,382.1,382.15,6607892.0,25189.35
2012-02-06,405.9,410.9,384.6,388.55,387.05,8152556.0,32501.44
2012-02-03,392.25,403.95,391.05,402.0,401.4,3661767.0,14568.04
2012-02-02,386.0,393.45,385.2,390.8,390.7,3401946.0,13283.04
2012-02-01,379.75,386.35,377.15,385.05,384.75,3629907.0,13843.78
2012-01-31,384.0,384.0,374.35,379.75,378.95,5410046.0,20472.42
2012-01-30,388.0,390.9,380.0,381.0,382.35,3357821.0,12890.81
2012-01-27,399.95,399.95,384.1,391.0,389.95,3014531.0,11746.76
2012-01-25,393.5,399.1,389.25,399.0,393.55,3214760.0,12631.16
2012-01-24,399.4,399.45,392.0,392.6,393.1,1785375.0,7043.11
2012-01-23,391.15,402.65,388.7,395.05,395.65,2009356.0,7981.56
2012-01-20,392.0,393.65,389.35,390.35,391.15,1944382.0,7607.71
2012-01-19,394.0,395.3,388.0,391.0,391.4,1924205.0,7521.75
2012-01-18,399.5,399.5,388.5,391.55,392.25,1875310.0,7367.77
2012-01-17,387.6,399.0,385.7,397.3,397.6,3985373.0,15701.5
